Directory,SRA,Assay Type,AvgSpotLen,Bases,BioProject,BioSample,Bytes,Center Name,Consent,DATASTORE filetype,DATASTORE provider,DATASTORE region,Experiment,Instrument,LibraryLayout,LibrarySelection,LibrarySource,Organism,Platform,ReleaseDate,SampleID,SRA Study,Treatment,Genotype,GEO_Accession (exp),source_name,sex,TISSUE,Age,Biomaterial_provider,Cell_Line,disease,disease_stage,ETHNICITY,Isolate,Library Name,SAMPLE_TYPE
SRR5024081,SRR5024081,RNA-Seq,150,2914430850,PRJNA353646,SAMN06018691,1172608754,GEO,public,"fastq,sra","gs,ncbi,s3","gs.US,ncbi.public,s3.us-east-1",SRX2350772,Illumina HiSeq 2000,PAIRED,cDNA,TRANSCRIPTOMIC,Homo sapiens,ILLUMINA,2017-06-05T00:00:00Z,GSM2392582,SRP093386,Vehicle,Wildtype,GSM2392582,T47D,NA,NA,NA,NA,NA,NA,NA,NA,NA,NA,NA
SRR5024082,SRR5024082,RNA-Seq,150,2903656650,PRJNA353646,SAMN06018690,1175545174,GEO,public,"fastq,sra","gs,ncbi,s3","gs.US,ncbi.public,s3.us-east-1",SRX2350773,Illumina HiSeq 2000,PAIRED,cDNA,TRANSCRIPTOMIC,Homo sapiens,ILLUMINA,2017-06-05T00:00:00Z,GSM2392583,SRP093386,Vehicle,Wildtype,GSM2392583,T47D,NA,NA,NA,NA,NA,NA,NA,NA,NA,NA,NA
SRR5024083,SRR5024083,RNA-Seq,150,3044338200,PRJNA353646,SAMN06018689,1223624509,GEO,public,"fastq,sra","gs,ncbi,s3","gs.US,ncbi.public,s3.us-east-1",SRX2350774,Illumina HiSeq 2000,PAIRED,cDNA,TRANSCRIPTOMIC,Homo sapiens,ILLUMINA,2017-06-05T00:00:00Z,GSM2392584,SRP093386,Vehicle,Wildtype,GSM2392584,T47D,NA,NA,NA,NA,NA,NA,NA,NA,NA,NA,NA
SRR5024084,SRR5024084,RNA-Seq,150,3177861750,PRJNA353646,SAMN06018688,1288841071,GEO,public,"fastq,sra","gs,ncbi,s3","gs.US,ncbi.public,s3.us-east-1",SRX2350775,Illumina HiSeq 2000,PAIRED,cDNA,TRANSCRIPTOMIC,Homo sapiens,ILLUMINA,2017-06-05T00:00:00Z,GSM2392585,SRP093386,Vehicle,Wildtype,GSM2392585,T47D,NA,NA,NA,NA,NA,NA,NA,NA,NA,NA,NA
SRR5024085,SRR5024085,RNA-Seq,150,2857359900,PRJNA353646,SAMN06018687,1155198798,GEO,public,"fastq,sra","gs,ncbi,s3","gs.US,ncbi.public,s3.us-east-1",SRX2350776,Illumina HiSeq 2000,PAIRED,cDNA,TRANSCRIPTOMIC,Homo sapiens,ILLUMINA,2017-06-05T00:00:00Z,GSM2392586,SRP093386,Vehicle,Y537S,GSM2392586,T47D,NA,NA,NA,NA,NA,NA,NA,NA,NA,NA,NA
SRR5024086,SRR5024086,RNA-Seq,150,2896688700,PRJNA353646,SAMN06018686,1176014081,GEO,public,"fastq,sra","gs,ncbi,s3","gs.US,ncbi.public,s3.us-east-1",SRX2350777,Illumina HiSeq 2000,PAIRED,cDNA,TRANSCRIPTOMIC,Homo sapiens,ILLUMINA,2017-06-05T00:00:00Z,GSM2392587,SRP093386,Vehicle,Y537S,GSM2392587,T47D,NA,NA,NA,NA,NA,NA,NA,NA,NA,NA,NA
SRR5024087,SRR5024087,RNA-Seq,150,2952129450,PRJNA353646,SAMN06018685,1191981253,GEO,public,"fastq,sra","gs,ncbi,s3","gs.US,ncbi.public,s3.us-east-1",SRX2350778,Illumina HiSeq 2000,PAIRED,cDNA,TRANSCRIPTOMIC,Homo sapiens,ILLUMINA,2017-06-05T00:00:00Z,GSM2392588,SRP093386,Vehicle,Y537S,GSM2392588,T47D,NA,NA,NA,NA,NA,NA,NA,NA,NA,NA,NA
SRR5024088,SRR5024088,RNA-Seq,150,2766219300,PRJNA353646,SAMN06018684,1128938330,GEO,public,"fastq,sra","gs,ncbi,s3","gs.US,ncbi.public,s3.us-east-1",SRX2350779,Illumina HiSeq 2000,PAIRED,cDNA,TRANSCRIPTOMIC,Homo sapiens,ILLUMINA,2017-06-05T00:00:00Z,GSM2392589,SRP093386,Vehicle,Y537S,GSM2392589,T47D,NA,NA,NA,NA,NA,NA,NA,NA,NA,NA,NA
SRR5024089,SRR5024089,RNA-Seq,150,2666902650,PRJNA353646,SAMN06018683,1082569415,GEO,public,"fastq,sra","gs,ncbi,s3","gs.US,ncbi.public,s3.us-east-1",SRX2350780,Illumina HiSeq 2000,PAIRED,cDNA,TRANSCRIPTOMIC,Homo sapiens,ILLUMINA,2017-06-05T00:00:00Z,GSM2392590,SRP093386,Vehicle,D538G,GSM2392590,T47D,NA,NA,NA,NA,NA,NA,NA,NA,NA,NA,NA
SRR5024090,SRR5024090,RNA-Seq,150,2671115400,PRJNA353646,SAMN06018682,1078942792,GEO,public,"fastq,sra","gs,ncbi,s3","gs.US,ncbi.public,s3.us-east-1",SRX2350781,Illumina HiSeq 2000,PAIRED,cDNA,TRANSCRIPTOMIC,Homo sapiens,ILLUMINA,2017-06-05T00:00:00Z,GSM2392591,SRP093386,Vehicle,D538G,GSM2392591,T47D,NA,NA,NA,NA,NA,NA,NA,NA,NA,NA,NA
SRR5024091,SRR5024091,RNA-Seq,150,2941712400,PRJNA353646,SAMN06018681,1193288123,GEO,public,"fastq,sra","gs,ncbi,s3","gs.US,ncbi.public,s3.us-east-1",SRX2350782,Illumina HiSeq 2000,PAIRED,cDNA,TRANSCRIPTOMIC,Homo sapiens,ILLUMINA,2017-06-05T00:00:00Z,GSM2392592,SRP093386,Vehicle,D538G,GSM2392592,T47D,NA,NA,NA,NA,NA,NA,NA,NA,NA,NA,NA
SRR5024092,SRR5024092,RNA-Seq,150,2594520450,PRJNA353646,SAMN06018680,1054589452,GEO,public,"fastq,sra","gs,ncbi,s3","gs.US,ncbi.public,s3.us-east-1",SRX2350783,Illumina HiSeq 2000,PAIRED,cDNA,TRANSCRIPTOMIC,Homo sapiens,ILLUMINA,2017-06-05T00:00:00Z,GSM2392593,SRP093386,Vehicle,D538G,GSM2392593,T47D,NA,NA,NA,NA,NA,NA,NA,NA,NA,NA,NA
SRR5024093,SRR5024093,RNA-Seq,150,2796164700,PRJNA353646,SAMN06018679,1129221026,GEO,public,"fastq,sra","gs,ncbi,s3","gs.US,ncbi.public,s3.us-east-1",SRX2350784,Illumina HiSeq 2000,PAIRED,cDNA,TRANSCRIPTOMIC,Homo sapiens,ILLUMINA,2017-06-05T00:00:00Z,GSM2392594,SRP093386,Estrogen,Wildtype,GSM2392594,T47D,NA,NA,NA,NA,NA,NA,NA,NA,NA,NA,NA
SRR5024094,SRR5024094,RNA-Seq,150,2920366500,PRJNA353646,SAMN06018678,1186351928,GEO,public,"fastq,sra","gs,ncbi,s3","gs.US,ncbi.public,s3.us-east-1",SRX2350785,Illumina HiSeq 2000,PAIRED,cDNA,TRANSCRIPTOMIC,Homo sapiens,ILLUMINA,2017-06-05T00:00:00Z,GSM2392595,SRP093386,Estrogen,Wildtype,GSM2392595,T47D,NA,NA,NA,NA,NA,NA,NA,NA,NA,NA,NA
SRR5024095,SRR5024095,RNA-Seq,150,2794960050,PRJNA353646,SAMN06018677,1127220722,GEO,public,"fastq,sra","gs,ncbi,s3","gs.US,ncbi.public,s3.us-east-1",SRX2350786,Illumina HiSeq 2000,PAIRED,cDNA,TRANSCRIPTOMIC,Homo sapiens,ILLUMINA,2017-06-05T00:00:00Z,GSM2392596,SRP093386,Estrogen,Wildtype,GSM2392596,T47D,NA,NA,NA,NA,NA,NA,NA,NA,NA,NA,NA
SRR5024096,SRR5024096,RNA-Seq,150,2650425900,PRJNA353646,SAMN06018675,1078518039,GEO,public,"fastq,sra","gs,ncbi,s3","gs.US,ncbi.public,s3.us-east-1",SRX2350787,Illumina HiSeq 2000,PAIRED,cDNA,TRANSCRIPTOMIC,Homo sapiens,ILLUMINA,2017-06-05T00:00:00Z,GSM2392597,SRP093386,Estrogen,Wildtype,GSM2392597,T47D,NA,NA,NA,NA,NA,NA,NA,NA,NA,NA,NA
SRR5024097,SRR5024097,RNA-Seq,150,3046596450,PRJNA353646,SAMN06018674,1236138950,GEO,public,"fastq,sra","gs,ncbi,s3","gs.US,ncbi.public,s3.us-east-1",SRX2350788,Illumina HiSeq 2000,PAIRED,cDNA,TRANSCRIPTOMIC,Homo sapiens,ILLUMINA,2017-06-05T00:00:00Z,GSM2392598,SRP093386,Estrogen,Y537S,GSM2392598,T47D,NA,NA,NA,NA,NA,NA,NA,NA,NA,NA,NA
SRR5024098,SRR5024098,RNA-Seq,150,2991452100,PRJNA353646,SAMN06018673,1221400703,GEO,public,"fastq,sra","gs,ncbi,s3","gs.US,ncbi.public,s3.us-east-1",SRX2350789,Illumina HiSeq 2000,PAIRED,cDNA,TRANSCRIPTOMIC,Homo sapiens,ILLUMINA,2017-06-05T00:00:00Z,GSM2392599,SRP093386,Estrogen,Y537S,GSM2392599,T47D,NA,NA,NA,NA,NA,NA,NA,NA,NA,NA,NA
SRR5024099,SRR5024099,RNA-Seq,150,2793576300,PRJNA353646,SAMN06018672,1135102181,GEO,public,"fastq,sra","gs,ncbi,s3","gs.US,ncbi.public,s3.us-east-1",SRX2350790,Illumina HiSeq 2000,PAIRED,cDNA,TRANSCRIPTOMIC,Homo sapiens,ILLUMINA,2017-06-05T00:00:00Z,GSM2392600,SRP093386,Estrogen,Y537S,GSM2392600,T47D,NA,NA,NA,NA,NA,NA,NA,NA,NA,NA,NA
SRR5024100,SRR5024100,RNA-Seq,150,2886125400,PRJNA353646,SAMN06018671,1180517722,GEO,public,"fastq,sra","gs,ncbi,s3","gs.US,ncbi.public,s3.us-east-1",SRX2350791,Illumina HiSeq 2000,PAIRED,cDNA,TRANSCRIPTOMIC,Homo sapiens,ILLUMINA,2017-06-05T00:00:00Z,GSM2392601,SRP093386,Estrogen,Y537S,GSM2392601,T47D,NA,NA,NA,NA,NA,NA,NA,NA,NA,NA,NA
SRR5024101,SRR5024101,RNA-Seq,150,2888523000,PRJNA353646,SAMN06018676,1176944008,GEO,public,"fastq,sra","gs,ncbi,s3","gs.US,ncbi.public,s3.us-east-1",SRX2350792,Illumina HiSeq 2000,PAIRED,cDNA,TRANSCRIPTOMIC,Homo sapiens,ILLUMINA,2017-06-05T00:00:00Z,GSM2392602,SRP093386,Estrogen,D538G,GSM2392602,T47D,NA,NA,NA,NA,NA,NA,NA,NA,NA,NA,NA
SRR5024102,SRR5024102,RNA-Seq,150,2956980000,PRJNA353646,SAMN06018693,1197659945,GEO,public,"fastq,sra","gs,ncbi,s3","gs.US,ncbi.public,s3.us-east-1",SRX2350793,Illumina HiSeq 2000,PAIRED,cDNA,TRANSCRIPTOMIC,Homo sapiens,ILLUMINA,2017-06-05T00:00:00Z,GSM2392603,SRP093386,Estrogen,D538G,GSM2392603,T47D,NA,NA,NA,NA,NA,NA,NA,NA,NA,NA,NA
SRR5024103,SRR5024103,RNA-Seq,150,3178397250,PRJNA353646,SAMN06018692,1291328079,GEO,public,"fastq,sra","gs,ncbi,s3","gs.US,ncbi.public,s3.us-east-1",SRX2350794,Illumina HiSeq 2000,PAIRED,cDNA,TRANSCRIPTOMIC,Homo sapiens,ILLUMINA,2017-06-05T00:00:00Z,GSM2392604,SRP093386,Estrogen,D538G,GSM2392604,T47D,NA,NA,NA,NA,NA,NA,NA,NA,NA,NA,NA
SRR5024104,SRR5024104,RNA-Seq,150,2869326000,PRJNA353646,SAMN06018695,1168079636,GEO,public,"fastq,sra","gs,ncbi,s3","gs.US,ncbi.public,s3.us-east-1",SRX2350795,Illumina HiSeq 2000,PAIRED,cDNA,TRANSCRIPTOMIC,Homo sapiens,ILLUMINA,2017-06-05T00:00:00Z,GSM2392605,SRP093386,Estrogen,D538G,GSM2392605,T47D,NA,NA,NA,NA,NA,NA,NA,NA,NA,NA,NA
SRR5024105,SRR5024105,RNA-Seq,150,3326412750,PRJNA353646,SAMN06018694,1335255900,GEO,public,"fastq,sra","gs,ncbi,s3","gs.US,ncbi.public,s3.us-east-1",SRX2350796,Illumina HiSeq 2000,PAIRED,cDNA,TRANSCRIPTOMIC,Homo sapiens,ILLUMINA,2017-06-05T00:00:00Z,GSM2392606,SRP093386,Vehicle,Wildtype,GSM2392606,MCF7,NA,NA,NA,NA,NA,NA,NA,NA,NA,NA,NA
SRR5024106,SRR5024106,RNA-Seq,150,3059590200,PRJNA353646,SAMN06018696,1242628509,GEO,public,"fastq,sra","gs,ncbi,s3","gs.US,ncbi.public,s3.us-east-1",SRX2350797,Illumina HiSeq 2000,PAIRED,cDNA,TRANSCRIPTOMIC,Homo sapiens,ILLUMINA,2017-06-05T00:00:00Z,GSM2392607,SRP093386,Vehicle,Wildtype,GSM2392607,MCF7,NA,NA,NA,NA,NA,NA,NA,NA,NA,NA,NA
SRR5024107,SRR5024107,RNA-Seq,150,3226444650,PRJNA353646,SAMN06018697,1294982682,GEO,public,"fastq,sra","gs,ncbi,s3","gs.US,ncbi.public,s3.us-east-1",SRX2350798,Illumina HiSeq 2000,PAIRED,cDNA,TRANSCRIPTOMIC,Homo sapiens,ILLUMINA,2017-06-05T00:00:00Z,GSM2392608,SRP093386,Vehicle,Wildtype,GSM2392608,MCF7,NA,NA,NA,NA,NA,NA,NA,NA,NA,NA,NA
SRR5024108,SRR5024108,RNA-Seq,150,3017019150,PRJNA353646,SAMN06018698,1230003438,GEO,public,"fastq,sra","gs,ncbi,s3","gs.US,ncbi.public,s3.us-east-1",SRX2350799,Illumina HiSeq 2000,PAIRED,cDNA,TRANSCRIPTOMIC,Homo sapiens,ILLUMINA,2017-06-05T00:00:00Z,GSM2392609,SRP093386,Vehicle,Wildtype,GSM2392609,MCF7,NA,NA,NA,NA,NA,NA,NA,NA,NA,NA,NA
SRR5024109,SRR5024109,RNA-Seq,150,3235386000,PRJNA353646,SAMN06018701,1307413744,GEO,public,"fastq,sra","gs,ncbi,s3","gs.US,ncbi.public,s3.us-east-1",SRX2350800,Illumina HiSeq 2000,PAIRED,cDNA,TRANSCRIPTOMIC,Homo sapiens,ILLUMINA,2017-06-05T00:00:00Z,GSM2392610,SRP093386,Vehicle,Y537S,GSM2392610,MCF7,NA,NA,NA,NA,NA,NA,NA,NA,NA,NA,NA
SRR5024110,SRR5024110,RNA-Seq,150,3242556150,PRJNA353646,SAMN06018702,1296946587,GEO,public,"fastq,sra","gs,ncbi,s3","gs.US,ncbi.public,s3.us-east-1",SRX2350801,Illumina HiSeq 2000,PAIRED,cDNA,TRANSCRIPTOMIC,Homo sapiens,ILLUMINA,2017-06-05T00:00:00Z,GSM2392611,SRP093386,Vehicle,Y537S,GSM2392611,MCF7,NA,NA,NA,NA,NA,NA,NA,NA,NA,NA,NA
SRR5024111,SRR5024111,RNA-Seq,150,3027125250,PRJNA353646,SAMN06018638,1217972833,GEO,public,"fastq,sra","gs,ncbi,s3","gs.US,ncbi.public,s3.us-east-1",SRX2350802,Illumina HiSeq 2000,PAIRED,cDNA,TRANSCRIPTOMIC,Homo sapiens,ILLUMINA,2017-06-05T00:00:00Z,GSM2392612,SRP093386,Vehicle,Y537S,GSM2392612,MCF7,NA,NA,NA,NA,NA,NA,NA,NA,NA,NA,NA
SRR5024112,SRR5024112,RNA-Seq,150,3513997350,PRJNA353646,SAMN06018637,1416817052,GEO,public,"fastq,sra","gs,ncbi,s3","gs.US,ncbi.public,s3.us-east-1",SRX2350803,Illumina HiSeq 2000,PAIRED,cDNA,TRANSCRIPTOMIC,Homo sapiens,ILLUMINA,2017-06-05T00:00:00Z,GSM2392613,SRP093386,Vehicle,Y537S,GSM2392613,MCF7,NA,NA,NA,NA,NA,NA,NA,NA,NA,NA,NA
SRR5024113,SRR5024113,RNA-Seq,150,3495520350,PRJNA353646,SAMN06018639,1395783254,GEO,public,"fastq,sra","gs,ncbi,s3","gs.US,ncbi.public,s3.us-east-1",SRX2350804,Illumina HiSeq 2000,PAIRED,cDNA,TRANSCRIPTOMIC,Homo sapiens,ILLUMINA,2017-06-05T00:00:00Z,GSM2392614,SRP093386,Vehicle,D538G,GSM2392614,MCF7,NA,NA,NA,NA,NA,NA,NA,NA,NA,NA,NA
SRR5024114,SRR5024114,RNA-Seq,150,3288445800,PRJNA353646,SAMN06018640,1326785726,GEO,public,"fastq,sra","gs,ncbi,s3","gs.US,ncbi.public,s3.us-east-1",SRX2350805,Illumina HiSeq 2000,PAIRED,cDNA,TRANSCRIPTOMIC,Homo sapiens,ILLUMINA,2017-06-05T00:00:00Z,GSM2392615,SRP093386,Vehicle,D538G,GSM2392615,MCF7,NA,NA,NA,NA,NA,NA,NA,NA,NA,NA,NA
SRR5024115,SRR5024115,RNA-Seq,150,3430151400,PRJNA353646,SAMN06018669,1368938482,GEO,public,"fastq,sra","gs,ncbi,s3","gs.US,ncbi.public,s3.us-east-1",SRX2350806,Illumina HiSeq 2000,PAIRED,cDNA,TRANSCRIPTOMIC,Homo sapiens,ILLUMINA,2017-06-05T00:00:00Z,GSM2392616,SRP093386,Vehicle,D538G,GSM2392616,MCF7,NA,NA,NA,NA,NA,NA,NA,NA,NA,NA,NA
SRR5024116,SRR5024116,RNA-Seq,150,3122555550,PRJNA353646,SAMN06018670,1266080559,GEO,public,"fastq,sra","gs,ncbi,s3","gs.US,ncbi.public,s3.us-east-1",SRX2350807,Illumina HiSeq 2000,PAIRED,cDNA,TRANSCRIPTOMIC,Homo sapiens,ILLUMINA,2017-06-05T00:00:00Z,GSM2392617,SRP093386,Vehicle,D538G,GSM2392617,MCF7,NA,NA,NA,NA,NA,NA,NA,NA,NA,NA,NA
SRR5024117,SRR5024117,RNA-Seq,150,3173689350,PRJNA353646,SAMN06018699,1277560821,GEO,public,"fastq,sra","gs,ncbi,s3","gs.US,ncbi.public,s3.us-east-1",SRX2350808,Illumina HiSeq 2000,PAIRED,cDNA,TRANSCRIPTOMIC,Homo sapiens,ILLUMINA,2017-06-05T00:00:00Z,GSM2392618,SRP093386,Estrogen,Wildtype,GSM2392618,MCF7,NA,NA,NA,NA,NA,NA,NA,NA,NA,NA,NA
SRR5024118,SRR5024118,RNA-Seq,150,3440577600,PRJNA353646,SAMN06018667,1369929047,GEO,public,"fastq,sra","gs,ncbi,s3","gs.US,ncbi.public,s3.us-east-1",SRX2350809,Illumina HiSeq 2000,PAIRED,cDNA,TRANSCRIPTOMIC,Homo sapiens,ILLUMINA,2017-06-05T00:00:00Z,GSM2392619,SRP093386,Estrogen,Wildtype,GSM2392619,MCF7,NA,NA,NA,NA,NA,NA,NA,NA,NA,NA,NA
SRR5024119,SRR5024119,RNA-Seq,150,3030137100,PRJNA353646,SAMN06018668,1213793765,GEO,public,"fastq,sra","gs,ncbi,s3","gs.US,ncbi.public,s3.us-east-1",SRX2350810,Illumina HiSeq 2000,PAIRED,cDNA,TRANSCRIPTOMIC,Homo sapiens,ILLUMINA,2017-06-05T00:00:00Z,GSM2392620,SRP093386,Estrogen,Wildtype,GSM2392620,MCF7,NA,NA,NA,NA,NA,NA,NA,NA,NA,NA,NA
SRR5024120,SRR5024120,RNA-Seq,150,3304122600,PRJNA353646,SAMN06018700,1327444411,GEO,public,"fastq,sra","gs,ncbi,s3","gs.US,ncbi.public,s3.us-east-1",SRX2350811,Illumina HiSeq 2000,PAIRED,cDNA,TRANSCRIPTOMIC,Homo sapiens,ILLUMINA,2017-06-05T00:00:00Z,GSM2392621,SRP093386,Estrogen,Wildtype,GSM2392621,MCF7,NA,NA,NA,NA,NA,NA,NA,NA,NA,NA,NA
SRR5024121,SRR5024121,RNA-Seq,150,3371637300,PRJNA353646,SAMN06018663,1350716011,GEO,public,"fastq,sra","gs,ncbi,s3","gs.US,ncbi.public,s3.us-east-1",SRX2350812,Illumina HiSeq 2000,PAIRED,cDNA,TRANSCRIPTOMIC,Homo sapiens,ILLUMINA,2017-06-05T00:00:00Z,GSM2392622,SRP093386,Estrogen,Y537S,GSM2392622,MCF7,NA,NA,NA,NA,NA,NA,NA,NA,NA,NA,NA
SRR5024122,SRR5024122,RNA-Seq,150,3253352550,PRJNA353646,SAMN06018665,1319068963,GEO,public,"fastq,sra","gs,ncbi,s3","gs.US,ncbi.public,s3.us-east-1",SRX2350813,Illumina HiSeq 2000,PAIRED,cDNA,TRANSCRIPTOMIC,Homo sapiens,ILLUMINA,2017-06-05T00:00:00Z,GSM2392623,SRP093386,Estrogen,Y537S,GSM2392623,MCF7,NA,NA,NA,NA,NA,NA,NA,NA,NA,NA,NA
SRR5024123,SRR5024123,RNA-Seq,150,3677852100,PRJNA353646,SAMN06018664,1471630732,GEO,public,"fastq,sra","gs,ncbi,s3","gs.US,ncbi.public,s3.us-east-1",SRX2350814,Illumina HiSeq 2000,PAIRED,cDNA,TRANSCRIPTOMIC,Homo sapiens,ILLUMINA,2017-06-05T00:00:00Z,GSM2392624,SRP093386,Estrogen,Y537S,GSM2392624,MCF7,NA,NA,NA,NA,NA,NA,NA,NA,NA,NA,NA
SRR5024124,SRR5024124,RNA-Seq,150,3364330800,PRJNA353646,SAMN06018666,1368473262,GEO,public,"fastq,sra","gs,ncbi,s3","gs.US,ncbi.public,s3.us-east-1",SRX2350815,Illumina HiSeq 2000,PAIRED,cDNA,TRANSCRIPTOMIC,Homo sapiens,ILLUMINA,2017-06-05T00:00:00Z,GSM2392625,SRP093386,Estrogen,Y537S,GSM2392625,MCF7,NA,NA,NA,NA,NA,NA,NA,NA,NA,NA,NA
SRR5024125,SRR5024125,RNA-Seq,150,3098034150,PRJNA353646,SAMN06018662,1251336908,GEO,public,"fastq,sra","gs,ncbi,s3","gs.US,ncbi.public,s3.us-east-1",SRX2350816,Illumina HiSeq 2000,PAIRED,cDNA,TRANSCRIPTOMIC,Homo sapiens,ILLUMINA,2017-06-05T00:00:00Z,GSM2392626,SRP093386,Estrogen,D538G,GSM2392626,MCF7,NA,NA,NA,NA,NA,NA,NA,NA,NA,NA,NA
SRR5024126,SRR5024126,RNA-Seq,150,3252543150,PRJNA353646,SAMN06018661,1298878654,GEO,public,"fastq,sra","gs,ncbi,s3","gs.US,ncbi.public,s3.us-east-1",SRX2350817,Illumina HiSeq 2000,PAIRED,cDNA,TRANSCRIPTOMIC,Homo sapiens,ILLUMINA,2017-06-05T00:00:00Z,GSM2392627,SRP093386,Estrogen,D538G,GSM2392627,MCF7,NA,NA,NA,NA,NA,NA,NA,NA,NA,NA,NA
SRR5024127,SRR5024127,RNA-Seq,150,3445163100,PRJNA353646,SAMN06018660,1381940452,GEO,public,"fastq,sra","gs,ncbi,s3","gs.US,ncbi.public,s3.us-east-1",SRX2350818,Illumina HiSeq 2000,PAIRED,cDNA,TRANSCRIPTOMIC,Homo sapiens,ILLUMINA,2017-06-05T00:00:00Z,GSM2392628,SRP093386,Estrogen,D538G,GSM2392628,MCF7,NA,NA,NA,NA,NA,NA,NA,NA,NA,NA,NA
SRR5024128,SRR5024128,RNA-Seq,150,3452942850,PRJNA353646,SAMN06018659,1390964697,GEO,public,"fastq,sra","gs,ncbi,s3","gs.US,ncbi.public,s3.us-east-1",SRX2350819,Illumina HiSeq 2000,PAIRED,cDNA,TRANSCRIPTOMIC,Homo sapiens,ILLUMINA,2017-06-05T00:00:00Z,GSM2392629,SRP093386,Estrogen,D538G,GSM2392629,MCF7,NA,NA,NA,NA,NA,NA,NA,NA,NA,NA,NA
SRR8615264,SRR8615264,RNA-Seq,202,16384377560,PRJNA523380,SAMN10988576,8714690439,BROAD INSTITUTE,public,"bam,sra","gs,ncbi,s3","gs.US,ncbi.public,s3.us-east-1",SRX5414489,Illumina HiSeq 2500,PAIRED,cDNA,TRANSCRIPTOMIC,Homo sapiens,ILLUMINA,2019-03-27T00:00:00Z,CCLE_CAL51_BREAST,SRP186687,Baseline,undefined,NA,CAL51_BREAST,female,breast,45,DSMZ:CAL-51,CAL-51,carcinoma,metastasis,Caucasian,cell line,RNASeq-CAL51_BREAST,cell culture
SRR8615268,SRR8615268,RNA-Seq,202,28459504472,PRJNA523380,SAMN10988460,15918290584,BROAD INSTITUTE,public,"bam,sra","gs,ncbi,s3","gs.US,ncbi.public,s3.us-east-1",SRX5414485,Illumina HiSeq 2500,PAIRED,cDNA,TRANSCRIPTOMIC,Homo sapiens,ILLUMINA,2019-03-27T00:00:00Z,CCLE_CAL148_BREAST,SRP186687,Baseline,undefined,NA,CAL148_BREAST,female,breast,58,DSMZ:CAL-148,CAL-148,carcinoma (ductal_carcinoma),metastasis,Caucasian,cell line,RNASeq-CAL148_BREAST,cell culture
SRR8615297,SRR8615297,RNA-Seq,202,17281331694,PRJNA523380,SAMN10987660,8668131709,BROAD INSTITUTE,public,"bam,sra","gs,ncbi,s3","gs.US,ncbi.public,s3.us-east-1",SRX5414456,Illumina HiSeq 2500,PAIRED,cDNA,TRANSCRIPTOMIC,Homo sapiens,ILLUMINA,2019-03-27T00:00:00Z,CCLE_DU4475_BREAST,SRP186687,Baseline,undefined,NA,DU4475_BREAST,female,breast,62,ATCC:DU4475,DU4475,carcinoma (ductal_carcinoma),metastasis,Caucasian,cell line,RNASeq-DU4475_BREAST,cell culture
SRR8615321,SRR8615321,RNA-Seq,202,15817758672,PRJNA523380,SAMN10987685,7740670732,BROAD INSTITUTE,public,"bam,sra","gs,ncbi,s3","gs.US,ncbi.public,s3.us-east-1",SRX5414432,Illumina HiSeq 2500,PAIRED,cDNA,TRANSCRIPTOMIC,Homo sapiens,ILLUMINA,2019-03-27T00:00:00Z,CCLE_HS742T_FIBROBLAST,SRP186687,Baseline,undefined,NA,HS742T_FIBROBLAST,female,breast,71,ATCC:Hs 742.T,Hs 742.T,carcinoma,primary,Caucasian,cell line,RNASeq-HS742T_FIBROBLAST,cell culture
SRR8615337,SRR8615337,RNA-Seq,202,19189302090,PRJNA523380,SAMN10988479,9600967818,BROAD INSTITUTE,public,"bam,sra","gs,ncbi,s3","gs.US,ncbi.public,s3.us-east-1",SRX5414416,Illumina HiSeq 2500,PAIRED,cDNA,TRANSCRIPTOMIC,Homo sapiens,ILLUMINA,2019-03-27T00:00:00Z,CCLE_UACC893_BREAST,SRP186687,Baseline,undefined,NA,UACC893_BREAST,female,breast,57,ATCC:UACC-893,UACC-893,carcinoma (ductal_carcinoma),primary,Caucasian,cell line,RNASeq-UACC893_BREAST,cell culture
SRR8615415,SRR8615415,RNA-Seq,202,18613539874,PRJNA523380,SAMN10988524,9107033421,BROAD INSTITUTE,public,"bam,sra","gs,ncbi,s3","gs.US,ncbi.public,s3.us-east-1",SRX5414338,Illumina HiSeq 2500,PAIRED,cDNA,TRANSCRIPTOMIC,Homo sapiens,ILLUMINA,2019-03-27T00:00:00Z,CCLE_HS281T_FIBROBLAST,SRP186687,Baseline,undefined,NA,HS281T_FIBROBLAST,female,breast,37,GNF,Hs 281.T,carcinoma,primary,Caucasian,cell line,RNASeq-HS281T_FIBROBLAST,cell culture
SRR8615416,SRR8615416,RNA-Seq,202,11735359882,PRJNA523380,SAMN10988532,5362223356,BROAD INSTITUTE,public,"bam,sra","gs,ncbi,s3","gs.US,ncbi.public,s3.us-east-1",SRX5414337,Illumina HiSeq 2500,PAIRED,cDNA,TRANSCRIPTOMIC,Homo sapiens,ILLUMINA,2019-03-27T00:00:00Z,CCLE_HS274T_FIBROBLAST,SRP186687,Baseline,undefined,NA,HS274T_FIBROBLAST,female,breast,66,ATCC:Hs 274.T,Hs 274.T,carcinoma,primary,Caucasian,cell line,RNASeq-HS274T_FIBROBLAST,cell culture
SRR8615418,SRR8615418,RNA-Seq,202,17995434822,PRJNA523380,SAMN10988335,8843159993,BROAD INSTITUTE,public,"bam,sra","gs,ncbi,s3","gs.US,ncbi.public,s3.us-east-1",SRX5414335,Illumina HiSeq 2500,PAIRED,cDNA,TRANSCRIPTOMIC,Homo sapiens,ILLUMINA,2019-03-27T00:00:00Z,CCLE_HS606T_FIBROBLAST,SRP186687,Baseline,undefined,NA,HS606T_FIBROBLAST,female,breast,44,ATCC:Hs 606.T,Hs 606.T,carcinoma,primary,Caucasian,cell line,RNASeq-HS606T_FIBROBLAST,cell culture
SRR8615421,SRR8615421,RNA-Seq,202,17038632936,PRJNA523380,SAMN10988552,8362650752,BROAD INSTITUTE,public,"bam,sra","gs,ncbi,s3","gs.US,ncbi.public,s3.us-east-1",SRX5414332,Illumina HiSeq 2500,PAIRED,cDNA,TRANSCRIPTOMIC,Homo sapiens,ILLUMINA,2019-03-27T00:00:00Z,CCLE_HS343T_FIBROBLAST,SRP186687,Baseline,undefined,NA,HS343T_FIBROBLAST,female,breast,47,GNF,Hs 343.T,carcinoma,primary,Caucasian,cell line,RNASeq-HS343T_FIBROBLAST,cell culture
SRR8615578,SRR8615578,RNA-Seq,202,10801936870,PRJNA523380,SAMN10988340,5115681324,BROAD INSTITUTE,public,"bam,sra","gs,ncbi,s3","gs.US,ncbi.public,s3.us-east-1",SRX5414822,Illumina HiSeq 2500,PAIRED,cDNA,TRANSCRIPTOMIC,Homo sapiens,ILLUMINA,2019-03-27T00:00:00Z,CCLE_MDAMB468_BREAST,SRP186687,Baseline,undefined,NA,MDAMB468_BREAST,female,breast,51,ATCC:MDA-MB-468,MDA-MB-468,carcinoma,metastasis,African_american,cell line,RNASeq-MDAMB468_BREAST,cell culture
SRR8615582,SRR8615582,RNA-Seq,202,15148447226,PRJNA523380,SAMN10988336,7140286865,BROAD INSTITUTE,public,"bam,sra","gs,ncbi,s3","gs.US,ncbi.public,s3.us-east-1",SRX5414818,Illumina HiSeq 2500,PAIRED,cDNA,TRANSCRIPTOMIC,Homo sapiens,ILLUMINA,2019-03-27T00:00:00Z,CCLE_MDAMB415_BREAST,SRP186687,Baseline,undefined,NA,MDAMB415_BREAST,female,breast,38,ATCC:MDA-MB-415,MDA-MB-415,carcinoma,metastasis,Caucasian,cell line,RNASeq-MDAMB415_BREAST,cell culture
SRR8615584,SRR8615584,RNA-Seq,202,15016877960,PRJNA523380,SAMN10987901,7032768774,BROAD INSTITUTE,public,"bam,sra","gs,ncbi,s3","gs.US,ncbi.public,s3.us-east-1",SRX5414816,Illumina HiSeq 2500,PAIRED,cDNA,TRANSCRIPTOMIC,Homo sapiens,ILLUMINA,2019-03-27T00:00:00Z,CCLE_MDAMB436_BREAST,SRP186687,Baseline,undefined,NA,MDAMB436_BREAST,female,breast,43,ATCC:MDA-MB-436,MDA-MB-436,carcinoma,metastasis,Caucasian,cell line,RNASeq-MDAMB436_BREAST,cell culture
SRR8615677,SRR8615677,RNA-Seq,202,20512487738,PRJNA523380,SAMN10987910,11046885181,BROAD INSTITUTE,public,"bam,sra","gs,ncbi,s3","gs.US,ncbi.public,s3.us-east-1",SRX5414723,Illumina HiSeq 2500,PAIRED,cDNA,TRANSCRIPTOMIC,Homo sapiens,ILLUMINA,2019-03-27T00:00:00Z,CCLE_SKBR3_BREAST,SRP186687,Baseline,undefined,NA,SKBR3_BREAST,female,breast,43,NIBRI,SK-BR-3,carcinoma,metastasis,Caucasian,cell line,RNASeq-SKBR3_BREAST,cell culture
SRR8615758,SRR8615758,RNA-Seq,202,17882091410,PRJNA523380,SAMN10988179,8914272659,BROAD INSTITUTE,public,"bam,sra","gs,ncbi,s3","gs.US,ncbi.public,s3.us-east-1",SRX5414642,Illumina HiSeq 2500,PAIRED,cDNA,TRANSCRIPTOMIC,Homo sapiens,ILLUMINA,2019-03-27T00:00:00Z,CCLE_MCF7_BREAST,SRP186687,Baseline,undefined,NA,MCF7_BREAST,female,breast,69,ATCC:MCF7,MCF7,carcinoma,metastasis,Caucasian,cell line,RNASeq-MCF7_BREAST,cell culture
SRR8615766,SRR8615766,RNA-Seq,202,15590012358,PRJNA523380,SAMN10987665,7362303645,BROAD INSTITUTE,public,"bam,sra","gs,ncbi,s3","gs.US,ncbi.public,s3.us-east-1",SRX5414634,Illumina HiSeq 2500,PAIRED,cDNA,TRANSCRIPTOMIC,Homo sapiens,ILLUMINA,2019-03-27T00:00:00Z,CCLE_MDAMB175VII_BREAST,SRP186687,Baseline,undefined,NA,MDAMB175VII_BREAST,female,breast,56,ATCC:MDA-MB-175-VII,MDA-MB-175-VII,carcinoma (ductal_carcinoma),metastasis,African_american,cell line,RNASeq-MDAMB175VII_BREAST,cell culture
SRR8615774,SRR8615774,RNA-Seq,202,19345831890,PRJNA523380,SAMN10987882,9677405895,BROAD INSTITUTE,public,"bam,sra","gs,ncbi,s3","gs.US,ncbi.public,s3.us-east-1",SRX5414626,Illumina HiSeq 2500,PAIRED,cDNA,TRANSCRIPTOMIC,Homo sapiens,ILLUMINA,2019-03-27T00:00:00Z,CCLE_AU565_BREAST,SRP186687,Baseline,undefined,NA,AU565_BREAST,female,breast,43,ATCC:AU565,AU565,carcinoma,metastasis,Caucasian,cell line,RNASeq-AU565_BREAST,cell culture
SRR8615817,SRR8615817,RNA-Seq,202,19182213506,PRJNA523380,SAMN10987946,10225112317,BROAD INSTITUTE,public,"bam,sra","gs,ncbi,s3","gs.US,ncbi.public,s3.us-east-1",SRX5414583,Illumina HiSeq 2500,PAIRED,cDNA,TRANSCRIPTOMIC,Homo sapiens,ILLUMINA,2019-03-27T00:00:00Z,CCLE_HCC1187_BREAST,SRP186687,Baseline,undefined,NA,HCC1187_BREAST,female,breast,41,ATCC:HCC1187,HCC1187,carcinoma (ductal_carcinoma),primary,Caucasian,cell line,RNASeq-HCC1187_BREAST,cell culture
SRR8615819,SRR8615819,RNA-Seq,202,16510396876,PRJNA523380,SAMN10987917,8266088434,BROAD INSTITUTE,public,"bam,sra","gs,ncbi,s3","gs.US,ncbi.public,s3.us-east-1",SRX5414581,Illumina HiSeq 2500,PAIRED,cDNA,TRANSCRIPTOMIC,Homo sapiens,ILLUMINA,2019-03-27T00:00:00Z,CCLE_HCC1143_BREAST,SRP186687,Baseline,undefined,NA,HCC1143_BREAST,female,breast,52,ATCC:HCC1143,HCC1143,carcinoma (ductal_carcinoma),primary,Caucasian,cell line,RNASeq-HCC1143_BREAST,cell culture
SRR8615821,SRR8615821,RNA-Seq,202,17583586516,PRJNA523380,SAMN10988522,8778066144,BROAD INSTITUTE,public,"bam,sra","gs,ncbi,s3","gs.US,ncbi.public,s3.us-east-1",SRX5414579,Illumina HiSeq 2500,PAIRED,cDNA,TRANSCRIPTOMIC,Homo sapiens,ILLUMINA,2019-03-27T00:00:00Z,CCLE_HCC1419_BREAST,SRP186687,Baseline,undefined,NA,HCC1419_BREAST,female,breast,42,GNF,HCC1419,carcinoma (ductal_carcinoma),primary,Caucasian,cell line,RNASeq-HCC1419_BREAST,cell culture
SRR8615822,SRR8615822,RNA-Seq,202,17200548056,PRJNA523380,SAMN10987926,9077021207,BROAD INSTITUTE,public,"bam,sra","gs,ncbi,s3","gs.US,ncbi.public,s3.us-east-1",SRX5414578,Illumina HiSeq 2500,PAIRED,cDNA,TRANSCRIPTOMIC,Homo sapiens,ILLUMINA,2019-03-27T00:00:00Z,CCLE_HCC1395_BREAST,SRP186687,Baseline,undefined,NA,HCC1395_BREAST,female,breast,43,ATCC:HCC1395,HCC1395,carcinoma (ductal_carcinoma),primary,Caucasian,cell line,RNASeq-HCC1395_BREAST,cell culture
SRR8615891,SRR8615891,RNA-Seq,202,18686207354,PRJNA523380,SAMN10987607,9170535691,BROAD INSTITUTE,public,"bam,sra","gs,ncbi,s3","gs.US,ncbi.public,s3.us-east-1",SRX5415159,Illumina HiSeq 2500,PAIRED,cDNA,TRANSCRIPTOMIC,Homo sapiens,ILLUMINA,2019-03-27T00:00:00Z,CCLE_HCC2157_BREAST,SRP186687,Baseline,undefined,NA,HCC2157_BREAST,female,breast,48,NIBRI,HCC2157,carcinoma (ductal_carcinoma),primary,African_american,cell line,RNASeq-HCC2157_BREAST,cell culture
SRR8616076,SRR8616076,RNA-Seq,202,15626713738,PRJNA523380,SAMN10987693,7378395568,BROAD INSTITUTE,public,"bam,sra","gs,ncbi,s3","gs.US,ncbi.public,s3.us-east-1",SRX5414974,Illumina HiSeq 2500,PAIRED,cDNA,TRANSCRIPTOMIC,Homo sapiens,ILLUMINA,2019-03-27T00:00:00Z,CCLE_KPL1_BREAST,SRP186687,Baseline,undefined,NA,KPL1_BREAST,female,breast,50,DSMZ:KPL-1,KPL-1,carcinoma (ductal_carcinoma),metastasis,Caucasian,cell line,RNASeq-KPL1_BREAST,cell culture
SRR8616124,SRR8616124,RNA-Seq,202,24271365550,PRJNA523380,SAMN10987894,12947879469,BROAD INSTITUTE,public,"bam,sra","gs,ncbi,s3","gs.US,ncbi.public,s3.us-east-1",SRX5414926,Illumina HiSeq 2500,PAIRED,cDNA,TRANSCRIPTOMIC,Homo sapiens,ILLUMINA,2019-03-27T00:00:00Z,CCLE_BT20_BREAST,SRP186687,Baseline,undefined,NA,BT20_BREAST,female,breast,74,NIBRI,BT-20,carcinoma (ductal_carcinoma),primary,Caucasian,cell line,RNASeq-BT20_BREAST,cell culture
SRR8616127,SRR8616127,RNA-Seq,202,18518394844,PRJNA523380,SAMN10987868,9149344378,BROAD INSTITUTE,public,"bam,sra","gs,ncbi,s3","gs.US,ncbi.public,s3.us-east-1",SRX5414923,Illumina HiSeq 2500,PAIRED,cDNA,TRANSCRIPTOMIC,Homo sapiens,ILLUMINA,2019-03-27T00:00:00Z,CCLE_HMC18_BREAST,SRP186687,Baseline,undefined,NA,HMC18_BREAST,female,breast,35,HSSRB,HMC-1-8,carcinoma,metastasis,Asian,cell line,RNASeq-HMC18_BREAST,cell culture
SRR8616174,SRR8616174,RNA-Seq,202,15979545118,PRJNA523380,SAMN10987850,8047160264,BROAD INSTITUTE,public,"bam,sra","gs,ncbi,s3","gs.US,ncbi.public,s3.us-east-1",SRX5414876,Illumina HiSeq 2500,PAIRED,cDNA,TRANSCRIPTOMIC,Homo sapiens,ILLUMINA,2019-03-27T00:00:00Z,CCLE_HCC1954_BREAST,SRP186687,Baseline,undefined,NA,HCC1954_BREAST,female,breast,61,NA,HCC1954,carcinoma (ductal_carcinoma),primary,Caucasian,cell line,RNASeq-HCC1954_BREAST,cell culture
SRR8616175,SRR8616175,RNA-Seq,202,16305331728,PRJNA523380,SAMN10988183,8048711022,BROAD INSTITUTE,public,"bam,sra","gs,ncbi,s3","gs.US,ncbi.public,s3.us-east-1",SRX5414875,Illumina HiSeq 2500,PAIRED,cDNA,TRANSCRIPTOMIC,Homo sapiens,ILLUMINA,2019-03-27T00:00:00Z,CCLE_HCC202_BREAST,SRP186687,Baseline,undefined,NA,HCC202_BREAST,female,breast,82,ATCC:HCC202,HCC202,carcinoma (ductal_carcinoma),primary,Caucasian,cell line,RNASeq-HCC202_BREAST,cell culture
SRR8616177,SRR8616177,RNA-Seq,202,26808904498,PRJNA523380,SAMN10988428,14925066347,BROAD INSTITUTE,public,"bam,sra","gs,ncbi,s3","gs.US,ncbi.public,s3.us-east-1",SRX5414873,Illumina HiSeq 2500,PAIRED,cDNA,TRANSCRIPTOMIC,Homo sapiens,ILLUMINA,2019-03-27T00:00:00Z,CCLE_HCC1806_BREAST,SRP186687,Baseline,undefined,NA,HCC1806_BREAST,female,breast,60,NIBRI,HCC1806,"carcinoma (ductal_carcinoma\, squamous_cell_carcinoma)",primary,African_american,cell line,RNASeq-HCC1806_BREAST,cell culture
SRR8616179,SRR8616179,RNA-Seq,202,18651137528,PRJNA523380,SAMN10987920,9194471664,BROAD INSTITUTE,public,"bam,sra","gs,ncbi,s3","gs.US,ncbi.public,s3.us-east-1",SRX5414871,Illumina HiSeq 2500,PAIRED,cDNA,TRANSCRIPTOMIC,Homo sapiens,ILLUMINA,2019-03-27T00:00:00Z,CCLE_HCC1937_BREAST,SRP186687,Baseline,undefined,NA,HCC1937_BREAST,female,breast,24,ATCC:HCC1937,HCC1937,carcinoma (ductal_carcinoma),primary,Caucasian,cell line,RNASeq-HCC1937_BREAST,cell culture
SRR8616195,SRR8616195,RNA-Seq,202,16170449460,PRJNA523380,SAMN10988308,8663310938,BROAD INSTITUTE,public,"bam,sra","gs,ncbi,s3","gs.US,ncbi.public,s3.us-east-1",SRX5415207,Illumina HiSeq 2500,PAIRED,cDNA,TRANSCRIPTOMIC,Homo sapiens,ILLUMINA,2019-03-27T00:00:00Z,CCLE_BT474_BREAST,SRP186687,Baseline,undefined,NA,BT474_BREAST,female,breast,60,NIBRI,BT-474,carcinoma (ductal_carcinoma),primary,Caucasian,cell line,RNASeq-BT474_BREAST,cell culture
SRR8616207,SRR8616207,RNA-Seq,202,16796953672,PRJNA523380,SAMN10988390,9009731017,BROAD INSTITUTE,public,"bam,sra","gs,ncbi,s3","gs.US,ncbi.public,s3.us-east-1",SRX5415195,Illumina HiSeq 2500,PAIRED,cDNA,TRANSCRIPTOMIC,Homo sapiens,ILLUMINA,2019-03-27T00:00:00Z,CCLE_HMEL_BREAST,SRP186687,Baseline,undefined,NA,HMEL_BREAST,NA,breast,NA,NA,HMEL,other (immortalized_epithelial),NA,African_american,cell line,RNASeq-HMEL_BREAST,cell culture
SRR8618301,SRR8618301,RNA-Seq,202,12039337966,PRJNA523380,SAMN10988134,5730856855,BROAD INSTITUTE,public,"bam,sra","gs,ncbi,s3","gs.US,ncbi.public,s3.us-east-1",SRX5417215,Illumina HiSeq 2500,PAIRED,cDNA,TRANSCRIPTOMIC,Homo sapiens,ILLUMINA,2019-03-27T00:00:00Z,CCLE_ZR751_BREAST,SRP186687,Baseline,undefined,NA,ZR751_BREAST,female,breast,63,ATCC:ZR-75-1,ZR-75-1,carcinoma (ductal_carcinoma),metastasis,Caucasian,cell line,RNASeq-ZR751_BREAST,cell culture
SRR8618304,SRR8618304,RNA-Seq,202,16492482506,PRJNA523380,SAMN10988534,8291017371,BROAD INSTITUTE,public,"bam,sra","gs,ncbi,s3","gs.US,ncbi.public,s3.us-east-1",SRX5417212,Illumina HiSeq 2500,PAIRED,cDNA,TRANSCRIPTOMIC,Homo sapiens,ILLUMINA,2019-03-27T00:00:00Z,CCLE_ZR7530_BREAST,SRP186687,Baseline,undefined,NA,ZR7530_BREAST,female,breast,47,GNF,ZR-75-30,carcinoma (ductal_carcinoma),metastasis,African_american,cell line,RNASeq-ZR7530_BREAST,cell culture
SRR8615270,SRR8615270,RNA-Seq,202,16226625054,PRJNA523380,SAMN10989564,8614683525,BROAD INSTITUTE,public,"bam,sra","gs,ncbi,s3","gs.US,ncbi.public,s3.us-east-1",SRX5414483,Illumina HiSeq 2500,PAIRED,cDNA,TRANSCRIPTOMIC,Homo sapiens,ILLUMINA,2019-03-27T00:00:00Z,CCLE_CAL120_BREAST,SRP186687,Baseline,undefined,NA,CAL120_BREAST,female,breast,43,DSMZ:CAL-120,CAL-120,carcinoma,metastasis,Caucasian,cell line,RNASeq-CAL120_BREAST,cell culture
SRR8615278,SRR8615278,RNA-Seq,202,18577600640,PRJNA523380,SAMN10988509,9171920555,BROAD INSTITUTE,public,"bam,sra","gs,ncbi,s3","gs.US,ncbi.public,s3.us-east-1",SRX5414475,Illumina HiSeq 2500,PAIRED,cDNA,TRANSCRIPTOMIC,Homo sapiens,ILLUMINA,2019-03-27T00:00:00Z,CCLE_HDQP1_BREAST,SRP186687,Baseline,undefined,NA,HDQP1_BREAST,female,breast,50,DSMZ:HDQ-P1,HDQ-P1,carcinoma (ductal_carcinoma),primary,Caucasian,cell line,RNASeq-HDQP1_BREAST,cell culture
SRR8615289,SRR8615289,RNA-Seq,202,18050049764,PRJNA523380,SAMN10988267,9671542852,BROAD INSTITUTE,public,"bam,sra","gs,ncbi,s3","gs.US,ncbi.public,s3.us-east-1",SRX5414464,Illumina HiSeq 2500,PAIRED,cDNA,TRANSCRIPTOMIC,Homo sapiens,ILLUMINA,2019-03-27T00:00:00Z,CCLE_EFM19_BREAST,SRP186687,Baseline,undefined,NA,EFM19_BREAST,female,breast,50,DSMZ:EFM-19,EFM-19,carcinoma (ductal_carcinoma),metastasis,Caucasian,cell line,RNASeq-EFM19_BREAST,cell culture
SRR8615292,SRR8615292,RNA-Seq,202,24186584736,PRJNA523380,SAMN10988213,13419881688,BROAD INSTITUTE,public,"bam,sra","gs,ncbi,s3","gs.US,ncbi.public,s3.us-east-1",SRX5414461,Illumina HiSeq 2500,PAIRED,cDNA,TRANSCRIPTOMIC,Homo sapiens,ILLUMINA,2019-03-27T00:00:00Z,CCLE_EFM192A_BREAST,SRP186687,Baseline,undefined,NA,EFM192A_BREAST,female,breast,46,NIBRI,EFM-192A,carcinoma,metastasis,Caucasian,cell line,RNASeq-EFM192A_BREAST,cell culture
SRR8615338,SRR8615338,RNA-Seq,202,16717514748,PRJNA523380,SAMN10988448,8093108678,BROAD INSTITUTE,public,"bam,sra","gs,ncbi,s3","gs.US,ncbi.public,s3.us-east-1",SRX5414415,Illumina HiSeq 2500,PAIRED,cDNA,TRANSCRIPTOMIC,Homo sapiens,ILLUMINA,2019-03-27T00:00:00Z,CCLE_UACC812_BREAST,SRP186687,Baseline,undefined,NA,UACC812_BREAST,female,breast,43,ATCC:UACC-812,UACC-812,carcinoma (ductal_carcinoma),primary,Caucasian,cell line,RNASeq-UACC812_BREAST,cell culture
SRR8615420,SRR8615420,RNA-Seq,202,16518492632,PRJNA523380,SAMN10987893,8087138455,BROAD INSTITUTE,public,"bam,sra","gs,ncbi,s3","gs.US,ncbi.public,s3.us-east-1",SRX5414333,Illumina HiSeq 2500,PAIRED,cDNA,TRANSCRIPTOMIC,Homo sapiens,ILLUMINA,2019-03-27T00:00:00Z,CCLE_HS578T_BREAST,SRP186687,Baseline,undefined,NA,HS578T_BREAST,female,breast,74,ATCC:Hs 578T,Hs 578T,carcinoma (ductal_carcinoma),primary,Caucasian,cell line,RNASeq-HS578T_BREAST,cell culture
SRR8615452,SRR8615452,RNA-Seq,202,17768413486,PRJNA523380,SAMN10988137,9496575275,BROAD INSTITUTE,public,"bam,sra","gs,ncbi,s3","gs.US,ncbi.public,s3.us-east-1",SRX5414301,Illumina HiSeq 2500,PAIRED,cDNA,TRANSCRIPTOMIC,Homo sapiens,ILLUMINA,2019-03-27T00:00:00Z,CCLE_HCC70_BREAST,SRP186687,Baseline,undefined,NA,HCC70_BREAST,female,breast,49,NIBRI,HCC70,carcinoma (ductal_carcinoma),primary,African_american,cell line,RNASeq-HCC70_BREAST,cell culture
SRR8615458,SRR8615458,RNA-Seq,202,19523122846,PRJNA523380,SAMN10987659,9601053388,BROAD INSTITUTE,public,"bam,sra","gs,ncbi,s3","gs.US,ncbi.public,s3.us-east-1",SRX5414295,Illumina HiSeq 2500,PAIRED,cDNA,TRANSCRIPTOMIC,Homo sapiens,ILLUMINA,2019-03-27T00:00:00Z,CCLE_HCC38_BREAST,SRP186687,Baseline,undefined,NA,HCC38_BREAST,female,breast,50,ATCC:HCC38,HCC38,carcinoma (ductal_carcinoma),primary,Caucasian,cell line,RNASeq-HCC38_BREAST,cell culture
SRR8615528,SRR8615528,RNA-Seq,202,23362983064,PRJNA523380,SAMN10988345,13065824333,BROAD INSTITUTE,public,"bam,sra","gs,ncbi,s3","gs.US,ncbi.public,s3.us-east-1",SRX5414225,Illumina HiSeq 2500,PAIRED,cDNA,TRANSCRIPTOMIC,Homo sapiens,ILLUMINA,2019-03-27T00:00:00Z,CCLE_CAL851_BREAST,SRP186687,Baseline,undefined,NA,CAL851_BREAST,female,breast,35,DSMZ:CAL-85-1,CAL-85-1,carcinoma,primary,Caucasian,cell line,RNASeq-CAL851_BREAST,cell culture
SRR8615532,SRR8615532,RNA-Seq,202,24996646146,PRJNA523380,SAMN10987851,14042823961,BROAD INSTITUTE,public,"bam,sra","gs,ncbi,s3","gs.US,ncbi.public,s3.us-east-1",SRX5414221,Illumina HiSeq 2500,PAIRED,cDNA,TRANSCRIPTOMIC,Homo sapiens,ILLUMINA,2019-03-27T00:00:00Z,CCLE_CAMA1_BREAST,SRP186687,Baseline,undefined,NA,CAMA1_BREAST,female,breast,51,ATCC:CAMA-1,CAMA-1,carcinoma,metastasis,Caucasian,cell line,RNASeq-CAMA1_BREAST,cell culture
SRR8615558,SRR8615558,RNA-Seq,202,14689020850,PRJNA523380,SAMN10989571,6934602563,BROAD INSTITUTE,public,"bam,sra","gs,ncbi,s3","gs.US,ncbi.public,s3.us-east-1",SRX5414842,Illumina HiSeq 2500,PAIRED,cDNA,TRANSCRIPTOMIC,Homo sapiens,ILLUMINA,2019-03-27T00:00:00Z,CCLE_JIMT1_BREAST,SRP186687,Baseline,undefined,NA,JIMT1_BREAST,female,breast,62,DSMZ:JIMT-1,JIMT-1,carcinoma (ductal_carcinoma),metastasis,Caucasian,cell line,RNASeq-JIMT1_BREAST,cell culture
SRR8615577,SRR8615577,RNA-Seq,202,12781082976,PRJNA523380,SAMN10988263,6427604087,BROAD INSTITUTE,public,"bam,sra","gs,ncbi,s3","gs.US,ncbi.public,s3.us-east-1",SRX5414823,Illumina HiSeq 2500,PAIRED,cDNA,TRANSCRIPTOMIC,Homo sapiens,ILLUMINA,2019-03-27T00:00:00Z,CCLE_MDAMB453_BREAST,SRP186687,Baseline,undefined,NA,MDAMB453_BREAST,female,breast,48,NIBRI,MDA-MB-453,carcinoma,metastasis,Caucasian,cell line,RNASeq-MDAMB453_BREAST,cell culture
SRR8615581,SRR8615581,RNA-Seq,202,6615643016,PRJNA523380,SAMN10987900,3141288932,BROAD INSTITUTE,public,"bam,sra","gs,ncbi,s3","gs.US,ncbi.public,s3.us-east-1",SRX5414819,Illumina HiSeq 2500,PAIRED,cDNA,TRANSCRIPTOMIC,Homo sapiens,ILLUMINA,2019-03-27T00:00:00Z,CCLE_MDAMB361_BREAST,SRP186687,Baseline,undefined,NA,MDAMB361_BREAST,female,breast,40,ATCC:MDA-MB-361,MDA-MB-361,carcinoma,metastasis,Caucasian,cell line,RNASeq-MDAMB361_BREAST,cell culture
SRR8615755,SRR8615755,RNA-Seq,202,14010720202,PRJNA523380,SAMN10988465,6626177459,BROAD INSTITUTE,public,"bam,sra","gs,ncbi,s3","gs.US,ncbi.public,s3.us-east-1",SRX5414645,Illumina HiSeq 2500,PAIRED,cDNA,TRANSCRIPTOMIC,Homo sapiens,ILLUMINA,2019-03-27T00:00:00Z,CCLE_MDAMB134VI_BREAST,SRP186687,Baseline,undefined,NA,MDAMB134VI_BREAST,female,breast,47,NA,MDA-MB-134-VI,carcinoma (ductal_carcinoma),metastasis,Caucasian,cell line,RNASeq-MDAMB134VI_BREAST,cell culture
SRR8615756,SRR8615756,RNA-Seq,202,16654851520,PRJNA523380,SAMN10988196,7833034742,BROAD INSTITUTE,public,"bam,sra","gs,ncbi,s3","gs.US,ncbi.public,s3.us-east-1",SRX5414644,Illumina HiSeq 2500,PAIRED,cDNA,TRANSCRIPTOMIC,Homo sapiens,ILLUMINA,2019-03-27T00:00:00Z,CCLE_MDAMB157_BREAST,SRP186687,Baseline,undefined,NA,MDAMB157_BREAST,female,breast,44,ATCC:MDA-MB-157,MDA-MB-157,"carcinoma (ductal_carcinoma\, medullary)",metastasis,African_american,cell line,RNASeq-MDAMB157_BREAST,cell culture
SRR8615767,SRR8615767,RNA-Seq,202,13725938784,PRJNA523380,SAMN10987764,6487084397,BROAD INSTITUTE,public,"bam,sra","gs,ncbi,s3","gs.US,ncbi.public,s3.us-east-1",SRX5414633,Illumina HiSeq 2500,PAIRED,cDNA,TRANSCRIPTOMIC,Homo sapiens,ILLUMINA,2019-03-27T00:00:00Z,CCLE_MDAMB231_BREAST,SRP186687,Baseline,undefined,NA,MDAMB231_BREAST,female,breast,51,ATCC:MDA-MB-231,MDA-MB-231,carcinoma,metastasis,Caucasian,cell line,RNASeq-MDAMB231_BREAST,cell culture
SRR8615791,SRR8615791,RNA-Seq,202,16304084378,PRJNA523380,SAMN10987649,7998718036,BROAD INSTITUTE,public,"bam,sra","gs,ncbi,s3","gs.US,ncbi.public,s3.us-east-1",SRX5414609,Illumina HiSeq 2500,PAIRED,cDNA,TRANSCRIPTOMIC,Homo sapiens,ILLUMINA,2019-03-27T00:00:00Z,CCLE_HS739T_FIBROBLAST,SRP186687,Baseline,undefined,NA,HS739T_FIBROBLAST,female,breast,52,NA,Hs 739.T,carcinoma,primary,Asian,cell line,RNASeq-HS739T_FIBROBLAST,cell culture
SRR8615812,SRR8615812,RNA-Seq,202,16861816074,PRJNA523380,SAMN10987684,8493194918,BROAD INSTITUTE,public,"bam,sra","gs,ncbi,s3","gs.US,ncbi.public,s3.us-east-1",SRX5414588,Illumina HiSeq 2500,PAIRED,cDNA,TRANSCRIPTOMIC,Homo sapiens,ILLUMINA,2019-03-27T00:00:00Z,CCLE_T47D_BREAST,SRP186687,Baseline,undefined,NA,T47D_BREAST,female,breast,54,ATCC:T-47D,T-47D,carcinoma (ductal_carcinoma),metastasis,Caucasian,cell line,RNASeq-T47D_BREAST,cell culture
SRR8615816,SRR8615816,RNA-Seq,202,24808508800,PRJNA523380,SAMN10988527,13913674574,BROAD INSTITUTE,public,"bam,sra","gs,ncbi,s3","gs.US,ncbi.public,s3.us-east-1",SRX5414584,Illumina HiSeq 2500,PAIRED,cDNA,TRANSCRIPTOMIC,Homo sapiens,ILLUMINA,2019-03-27T00:00:00Z,CCLE_HCC1428_BREAST,SRP186687,Baseline,undefined,NA,HCC1428_BREAST,female,breast,49,ATCC:HCC1428,HCC1428,carcinoma,metastasis,Caucasian,cell line,RNASeq-HCC1428_BREAST,cell culture
SRR8616001,SRR8616001,RNA-Seq,202,19831879038,PRJNA523380,SAMN10987816,9924218709,BROAD INSTITUTE,public,"bam,sra","gs,ncbi,s3","gs.US,ncbi.public,s3.us-east-1",SRX5415049,Illumina HiSeq 2500,PAIRED,cDNA,TRANSCRIPTOMIC,Homo sapiens,ILLUMINA,2019-03-27T00:00:00Z,CCLE_HCC2218_BREAST,SRP186687,Baseline,undefined,NA,HCC2218_BREAST,female,breast,38,ATCC:HCC2218,HCC2218,carcinoma (ductal_carcinoma),primary,Caucasian,cell line,RNASeq-HCC2218_BREAST,cell culture
SRR8616180,SRR8616180,RNA-Seq,202,25516582632,PRJNA523380,SAMN10988466,14371130828,BROAD INSTITUTE,public,"bam,sra","gs,ncbi,s3","gs.US,ncbi.public,s3.us-east-1",SRX5414870,Illumina HiSeq 2500,PAIRED,cDNA,TRANSCRIPTOMIC,Homo sapiens,ILLUMINA,2019-03-27T00:00:00Z,CCLE_HCC1500_BREAST,SRP186687,Baseline,undefined,NA,HCC1500_BREAST,female,breast,32,ATCC:HCC1500,HCC1500,carcinoma (ductal_carcinoma),primary,African_american,cell line,RNASeq-HCC1500_BREAST,cell culture
SRR8616181,SRR8616181,RNA-Seq,202,19024780160,PRJNA523380,SAMN10987921,10633606586,BROAD INSTITUTE,public,"bam,sra","gs,ncbi,s3","gs.US,ncbi.public,s3.us-east-1",SRX5414869,Illumina HiSeq 2500,PAIRED,cDNA,TRANSCRIPTOMIC,Homo sapiens,ILLUMINA,2019-03-27T00:00:00Z,CCLE_HCC1569_BREAST,SRP186687,Baseline,undefined,NA,HCC1569_BREAST,female,breast,70,NA,HCC1569,carcinoma (metaplastic_carcinoma),primary,African_american,cell line,RNASeq-HCC1569_BREAST,cell culture
SRR8616183,SRR8616183,RNA-Seq,202,20437398682,PRJNA523380,SAMN10988467,11519423301,BROAD INSTITUTE,public,"bam,sra","gs,ncbi,s3","gs.US,ncbi.public,s3.us-east-1",SRX5414867,Illumina HiSeq 2500,PAIRED,cDNA,TRANSCRIPTOMIC,Homo sapiens,ILLUMINA,2019-03-27T00:00:00Z,CCLE_HCC1599_BREAST,SRP186687,Baseline,undefined,NA,HCC1599_BREAST,female,breast,44,ATCC:HCC1599,HCC1599,carcinoma (ductal_carcinoma),primary,Caucasian,cell line,RNASeq-HCC1599_BREAST,cell culture
SRR8616196,SRR8616196,RNA-Seq,202,20052414356,PRJNA523380,SAMN10988523,11311525131,BROAD INSTITUTE,public,"bam,sra","gs,ncbi,s3","gs.US,ncbi.public,s3.us-east-1",SRX5415206,Illumina HiSeq 2500,PAIRED,cDNA,TRANSCRIPTOMIC,Homo sapiens,ILLUMINA,2019-03-27T00:00:00Z,CCLE_BT483_BREAST,SRP186687,Baseline,undefined,NA,BT483_BREAST,female,breast,23,ATCC:BT-483,BT-483,"carcinoma (ductal_carcinoma\, medullary)",primary,Caucasian,cell line,RNASeq-BT483_BREAST,cell culture
SRR8616197,SRR8616197,RNA-Seq,202,23540323308,PRJNA523380,SAMN10988343,11549532475,BROAD INSTITUTE,public,"bam,sra","gs,ncbi,s3","gs.US,ncbi.public,s3.us-east-1",SRX5415205,Illumina HiSeq 2500,PAIRED,cDNA,TRANSCRIPTOMIC,Homo sapiens,ILLUMINA,2019-03-27T00:00:00Z,CCLE_BT549_BREAST,SRP186687,Baseline,undefined,NA,BT549_BREAST,female,breast,72,ATCC:BT-549,BT-549,"carcinoma (ductal_carcinoma\, papillary)",primary,Caucasian,cell line,RNASeq-BT549_BREAST,cell culture